GEO,year,Total_Population,Population_0_14,Population_15_more,labour_force,inactive_adults,employment,unemployment,parttime,fulltime
Alberta,1976,1869287.0,343036.0,1526251.0,1029121.7612524214,497129.2387475786,989028.9849315672,40092.77632085418,145633.23475987773,843395.7501716898
Alberta,1977,1948263.0,344571.0,1603692.0,1085134.7402272564,518557.25977274356,1036455.5308368471,48679.209390409334,150392.68398484957,886062.8468519975
Alberta,1978,2022241.0,345699.0,1676542.0,1149942.5633187774,526599.4366812226,1095499.8735212386,54442.68979753867,162423.40166085155,933076.4718603869
Alberta,1979,2096966.0,349992.0,1746974.0,1221030.4924758084,525943.5075241916,1172576.7513469902,48453.74112881826,162175.7383675885,1010401.0129794016
Alberta,1980,2191029.0,360128.0,1830901.0,1296110.1245587312,534790.8754412688,1245901.3443183107,50208.78024042059,172248.07260318488,1073653.2717151258
Alberta,1981,2291104.0,371817.0,1919287.0,1387870.0485563788,531416.9514436212,1333987.0511459871,53882.997410391705,184243.79026343155,1149743.2608825555
Alberta,1982,2369827.0,381050.0,1988777.0,1428503.4596101467,560273.5403898533,1317648.9608583406,110854.49875180596,192377.93528007047,1125271.0255782702
Alberta,1983,2393587.0,385929.0,2007658.0,1439771.3547041006,567886.6452958994,1281357.2528014556,158414.10190264505,211334.89820050448,1070022.3546009508
Alberta,1984,2393907.0,385765.0,2008142.0,1449172.3114502958,558969.6885497042,1283781.6335961546,165390.6778541411,220914.41619904077,1062867.2173971138
Alberta,1985,2404490.0,384229.0,2020261.0,1466410.4909437736,553850.5090562264,1323013.1763323795,143397.3146113942,229218.7629166293,1093794.4134157503
Alberta,1986,2432930.0,383621.0,2049309.0,1488021.1601734788,561287.8398265212,1339068.2439372127,148952.91623626582,227362.80564000018,1111705.4382972128
Alberta,1987,2440877.0,383440.0,2057437.0,1488389.0292508013,569047.9707491987,1346667.8309780264,141721.19827277484,235772.43382305262,1110895.3971549738
Alberta,1988,2456614.0,382814.0,2073800.0,1508523.4327466444,565276.5672533556,1387927.819459711,120595.6132869333,240984.78229357436,1146943.0371661365
Alberta,1989,2498325.0,388490.0,2109835.0,1534024.3821247893,575810.6178752107,1424308.218257448,109716.16386734125,246500.8347835863,1177807.3834738617
Alberta,1990,2547788.0,395155.0,2152633.0,1561077.7759805976,591555.2240194024,1452997.6113328189,108080.16464777883,247156.15808838294,1205841.453244436
Alberta,1991,2592306.0,400358.0,2191948.0,1590607.9928587792,601340.0071412208,1459413.0833214456,131194.90953733356,253351.64018835622,1206061.4431330895
Alberta,1992,2632672.0,407328.0,2225344.0,1607029.2559337108,618314.7440662892,1454976.8838537524,152052.37207995853,270614.5250226981,1184362.358831054
Alberta,1993,2667292.0,412108.0,2255184.0,1618590.9377571086,636593.0622428914,1463431.1312916982,155159.80646541048,284587.31370534527,1178843.8175863528
Alberta,1994,2700606.0,413624.0,2286982.0,1647647.8875139493,639334.1124860507,1503169.6074147553,144478.280099194,292124.9149016702,1211044.692513085
Alberta,1995,2734519.0,412458.0,2322061.0,1679194.8028926915,642866.1971073085,1547725.8463684765,131468.95652421511,300026.8923782137,1247698.953990263
Alberta,1996,2775133.0,412073.0,2363060.0,1708226.594843249,654833.4051567509,1590634.5678815155,117592.02696173359,299169.8936624752,1291464.6742190402
Alberta,1997,2829848.0,412660.0,2417188.0,1743950.840615394,673237.1593846059,1641681.2465277913,102269.59408760276,306855.8677112837,1334825.3788165073
Alberta,1998,2899066.0,414765.0,2484301.0,1804276.9441699511,680024.0558300489,1703512.0860811062,100764.85808884505,323920.4091439015,1379591.6769372048
Alberta,1999,2952692.0,415510.0,2537182.0,1842288.0653543072,694893.9346456928,1737924.0945756144,104363.97077869279,332323.69845500455,1405600.3961206097
Alberta,2000,3004198.0,416708.0,2587490.0,1869594.3924703605,717895.6075296395,1776788.1235144099,92806.26895595068,327079.23955842294,1449708.883955987
Alberta,2001,3058554.0,416172.0,2642382.0,1912763.4899553019,729618.5100446981,1822474.2838712865,90289.20608401527,329028.31379677565,1493445.9700745107
Alberta,2002,3128757.0,419734.0,2709023.0,1974389.5853585587,734633.4146414413,1868607.7381812686,105781.84717729034,332597.61134944257,1536010.1268318256
Alberta,2003,3183291.0,422753.0,2760538.0,2029160.3098964903,731377.6901035097,1925375.5887939124,103784.72110257768,346930.33246879064,1578445.256325122
Alberta,2004,3238817.0,424676.0,2814141.0,2068362.4328128393,745778.5671871607,1973570.7437471624,94791.68906567697,355481.0545064368,1618089.6892407257
Alberta,2005,3321839.0,429538.0,2892301.0,2103219.4367199834,789081.5632800166,2020518.6320237466,82700.80469623674,347624.05831651064,1672894.5737072357
Alberta,2006,3421435.0,437694.0,2983741.0,2198928.130140751,784812.8698592489,2121145.249028824,77782.88111192755,340813.93972459104,1780331.3093042325
Alberta,2007,3514151.0,445369.0,3068782.0,2287895.7020772477,780886.2979227523,2203597.2024641447,84298.49961310289,346609.58586416015,1856987.6165999847
Alberta,2008,3595875.0,453440.0,3142435.0,2349280.754035063,793154.2459649369,2258367.4015567363,90913.35247832657,362349.13672155875,1896018.2648351775
Alberta,2009,3679010.0,461671.0,3217339.0,2398640.47388345,818698.52611655,2236325.2147005796,162315.25918287042,398773.1028795019,1837552.1118210775
Alberta,2010,3732104.0,468309.0,3263795.0,2388430.3705632933,875364.6294367067,2232939.114891048,155491.25567224523,395172.66768951,1837766.447201538
Alberta,2011,3787705.0,473459.0,3314246.0,2448583.774139866,865662.2258601342,2313758.6644330556,134825.10970681062,396732.0336809068,1917026.6307521483
Alberta,2012,3871947.0,481678.0,3390269.0,2505777.183186167,884491.8168138331,2387069.7712967824,118707.41188938433,391546.32611214276,1995523.44518464
Alberta,2013,3978532.0,491839.0,3486693.0,2557358.962379294,929334.037620706,2438854.4527861327,118504.50959316123,390200.8898857086,2048653.5629004242
Alberta,2014,4081271.0,501828.0,3579443.0,2608500.150957093,970942.8490429069,2483131.0048292265,125369.1461278662,412112.1570738614,2071018.8477553653
Alberta,2015,4150147.0,509665.0,3640482.0,2672907.8905868237,967574.1094131763,2511018.9934870694,161888.8970997546,433821.9728978863,2077197.0205891833
Alberta,2016,4195427.0,518900.0,3676527.0,2662887.6723515354,1013639.3276484646,2445210.0610166425,217677.61133489307,462540.1416648439,1982669.9193517985
Alberta,2017,4237310.0,526888.0,3710422.0,2675330.764097539,1035091.2359024612,2461263.697042203,214067.0670553354,462774.902800808,1998488.7942413946
Alberta,2018,4292556.0,534835.0,3757721.0,2700040.450171771,1057680.549828229,2521843.769800226,178196.68037154488,453993.6150613191,2067850.1547389065
Alberta,2019,4355377.0,541729.0,3813648.0,2734089.9089176552,1079558.0910823448,2545783.8744011233,188306.03451653186,462275.13727904356,2083508.7371220798
Alberta,2020,4407495.0,545969.0,3861526.0,2665044.505335795,1196481.4946642048,2360719.1458355607,304325.3595002346,425121.7700141767,1935597.3758213841
Alberta,2021,4431531.0,542259.0,3889272.0,2710724.9593784246,1178547.0406215754,2481461.666420532,229263.29295789264,465559.87559084,2015901.7908296923
Alberta,2022,4510747.0,543265.0,3967482.0,2767611.0064287195,1199870.9935712805,2608213.2872370332,159397.71919168625,483215.43390332995,2124997.8533337023
Alberta,2023,4684514.0,552145.0,4132369.0,2904701.3066550675,1227667.6933449325,2729560.9393486297,175140.36730643784,508120.5140006525,2221440.4253479773
British Columbia,1976,2533899.0,407970.0,2125929.0,1313436.078085844,812492.9219141561,1203087.2707544656,110348.80733137825,180443.72665778856,1022643.544096677
British Columbia,1977,2570315.0,401106.0,2169209.0,1342216.5300831767,826992.4699168233,1230065.6948576286,112150.83522554811,187606.20800515215,1042459.4868524765
British Columbia,1978,2615162.0,394302.0,2220860.0,1397432.2767357256,823427.7232642744,1281771.7715362608,115660.50519946453,191042.54167564888,1090729.2298606122
British Columbia,1979,2665238.0,392569.0,2272669.0,1443677.9360354214,828991.0639645786,1332559.666244594,111118.26979082747,207974.4941042345,1124585.1721403592
British Columbia,1980,2745861.0,398164.0,2347697.0,1518227.0018906444,829469.9981093556,1416576.083986718,101650.91790392662,235298.723115751,1181277.360870967
British Columbia,1981,2826558.0,406140.0,2420418.0,1582665.5063004845,837752.4936995155,1474650.6988691438,108014.80743134065,245073.77078355092,1229576.9280855928
British Columbia,1982,2876513.0,411160.0,2465353.0,1593843.6924246426,871509.3075753574,1399690.2843626211,194153.4080620214,249344.13014298116,1150346.15421964
British Columbia,1983,2907502.0,413407.0,2494095.0,1609761.7870440283,884333.2129559717,1386289.6727531066,223472.11429092186,271140.6409976113,1115149.0317554954
British Columbia,1984,2947181.0,413581.0,2533600.0,1630249.986272536,903350.013727464,1385510.7648942985,244739.22137823747,266849.9650407248,1118660.7998535738
British Columbia,1985,2975131.0,410703.0,2564428.0,1659791.9257773974,904636.0742226026,1422396.875237094,237395.0505403033,275975.9758909833,1146420.8993461106
British Columbia,1986,3003621.0,405582.0,2598039.0,1698607.2590325759,899431.7409674241,1481377.71622509,217229.54280748605,293788.82473232434,1187588.8914927656
British Columbia,1987,3048651.0,407947.0,2640704.0,1744881.116179685,895822.8838203149,1534407.7027082115,210473.41347147356,294516.22108448256,1239891.4816237292
British Columbia,1988,3114761.0,413654.0,2701107.0,1785505.4240078544,915601.5759921456,1602212.0325031006,183293.39150475393,306503.25021703186,1295708.7822860687
British Columbia,1989,3196725.0,423125.0,2773600.0,1855566.951490278,918033.0485097221,1688242.155688623,167324.79580165498,297299.3904326179,1390942.7652560049
British Columbia,1990,3292111.0,434230.0,2857881.0,1910617.2938141967,947263.7061858033,1749727.8339705274,160889.45984366917,311962.6272278257,1437765.2067427018
British Columbia,1991,3373787.0,444184.0,2929603.0,1959883.7006188862,969719.2993811138,1765743.881299948,194139.81931893804,342275.8266098849,1423468.0546900628
British Columbia,1992,3468802.0,459306.0,3009496.0,2014092.3529994797,995403.6470005203,1808926.5609435786,205165.7920559012,352176.92784633057,1456749.6330972484
British Columbia,1993,3567772.0,473453.0,3094319.0,2063254.724953679,1031064.2750463211,1863214.4250505317,200040.29990314716,365558.25672837306,1497656.1683221585
British Columbia,1994,3676075.0,485248.0,3190827.0,2141138.4475258263,1049688.5524741737,1946292.4863553157,194845.96117051048,404993.9487200822,1541298.5376352335
British Columbia,1995,3777390.0,493739.0,3283651.0,2175669.004862145,1107981.995137855,1991469.995202948,184199.00965919718,394634.34975451103,1596835.645448437
British Columbia,1996,3874317.0,499537.0,3374780.0,2214492.0164235085,1160287.9835764915,2022016.7905314234,192475.2258920851,405843.8388716868,1616172.9516597365
British Columbia,1997,3948583.0,501766.0,3446817.0,2261379.453418907,1185437.5465810932,2069750.489666586,191628.96375232062,430028.15325563547,1639722.3364109509
British Columbia,1998,3983113.0,497057.0,3486056.0,2263674.6506363195,1222381.3493636805,2064009.4346594305,199665.21597688913,442216.33080486796,1621793.1038545626
British Columbia,1999,4011375.0,490423.0,3520952.0,2290502.0897990484,1230449.9102009516,2102256.3390038847,188245.7507951639,450535.6843162564,1651720.6546876281
British Columbia,2000,4039230.0,483351.0,3555879.0,2304610.5944834067,1251268.4055165933,2139190.6094415924,165419.9850418147,440144.7116363938,1699045.8978051983
British Columbia,2001,4076896.0,476998.0,3599898.0,2304688.405152603,1295209.594847397,2125831.134418065,178857.27073453777,446258.98726632894,1679572.147151736
British Columbia,2002,4100504.0,472372.0,3628132.0,2357367.477851787,1270764.522148213,2154949.9432877856,202417.53456400137,491079.0980448877,1663870.8452428982
British Columbia,2003,4124447.0,470176.0,3654271.0,2395878.98891686,1258392.01108314,2202951.0957118534,192927.8932050065,492014.8047872006,1710936.290924653
British Columbia,2004,4155630.0,467435.0,3688195.0,2405977.623061538,1282217.3769384618,2234648.316081832,171329.3069797061,468418.8540899226,1766229.4619919094
British Columbia,2005,4196076.0,465632.0,3730444.0,2439817.1930650035,1290626.8069349965,2297666.2155644507,142150.97750055234,473529.3375590642,1824136.8780053866
British Columbia,2006,4241793.0,465216.0,3776577.0,2484114.011046046,1292462.988953954,2362887.3237704225,121226.68727562373,486115.41144148674,1876771.9123289357
British Columbia,2007,4290987.0,466422.0,3824565.0,2532508.6147438134,1292056.3852561866,2421754.9289456233,110753.68579819011,498720.8466329823,1923034.0823126407
British Columbia,2008,4349338.0,467456.0,3881882.0,2579264.136941972,1302617.8630580278,2454830.233036658,124433.90390531444,500340.94415811327,1954489.2888785447
British Columbia,2009,4410513.0,468150.0,3942363.0,2610660.9943844355,1331702.0056155645,2406570.82564041,204090.16874402543,529536.0648370066,1877034.7608034036
British Columbia,2010,4465557.0,467266.0,3998291.0,2630170.301645787,1368120.698354213,2426167.1401625774,204003.16148320993,541349.9843950437,1884817.155767534
British Columbia,2011,4503819.0,463169.0,4040650.0,2637004.0670243637,1403645.9329756363,2436353.4694515187,200650.59757284494,553191.9728751091,1883161.4965764093
British Columbia,2012,4570866.0,459565.0,4111301.0,2692671.621472614,1418629.378527386,2506853.139287919,185818.48218469488,544943.5544166011,1961909.5848713177
British Columbia,2013,4634943.0,457716.0,4177227.0,2713382.724241659,1463844.275758341,2531818.3175868043,181564.40665485463,543902.1886971511,1987916.1288896531
British Columbia,2014,4712691.0,457978.0,4254713.0,2735581.3424013793,1519131.6575986207,2564145.853451723,171435.48894965614,554672.2438739686,2009473.609577754
British Columbia,2015,4765472.0,460014.0,4305458.0,2768619.5307047907,1536838.4692952093,2598392.224216624,170227.3064881665,529164.2072518144,2069228.01696481
British Columbia,2016,4861269.0,466179.0,4395090.0,2868425.19935897,1526664.80064103,2695259.892789038,173165.306569932,575627.1191352885,2119632.7736537494
British Columbia,2017,4934202.0,470694.0,4463508.0,2950853.8569369726,1512654.1430630274,2795785.1979281115,155068.6590088612,596967.109875654,2198818.088052457
British Columbia,2018,5020979.0,475369.0,4545610.0,2985826.9651396717,1559783.0348603283,2846701.1718995525,139125.79324011927,603427.4185941769,2243273.753305376
British Columbia,2019,5111022.0,480619.0,4630403.0,3070907.8458896033,1559495.1541103967,2922201.638581445,148706.20730815802,635679.0215406922,2286522.617040753
British Columbia,2020,5176101.0,484863.0,4691238.0,3013744.9050197685,1677493.0949802315,2738413.350023257,275331.5549965113,575750.0771182919,2162663.2729049656
British Columbia,2021,5226665.0,485173.0,4741492.0,3108284.5746339858,1633207.4253660142,2905443.9803515114,202840.59428247434,635666.0763580255,2269777.9039934864
British Columbia,2022,5357486.0,487520.0,4869966.0,3169401.0252094194,1700564.9747905806,3023974.436869129,145426.58834029041,627424.9516880652,2396549.485181064
British Columbia,2023,5531553.0,488733.0,5042820.0,3279213.912282277,1763606.087717723,3136142.344675884,143071.5676063925,627862.3303106482,2508280.0143652363
Manitoba,1976,1031758.0,180697.0,851061.0,525954.832563132,325106.16743686795,501395.6574430824,24559.175120049684,70919.10346258669,430476.5539804957
Manitoba,1977,1037369.0,176897.0,860472.0,534669.1077952493,325802.8922047507,504508.92606222816,30160.18173302113,76626.25111321708,427882.6749490111
Manitoba,1978,1040881.0,172410.0,868471.0,547046.6728766579,321424.3271233421,511445.81645003473,35600.856426623126,80208.92928349474,431236.88716654
Manitoba,1979,1037272.0,166790.0,870482.0,552871.2435275348,317610.75647246523,522777.66984650935,30093.573681025402,83303.05419034962,439474.6156561597
Manitoba,1980,1034435.0,161959.0,872476.0,560960.0653143527,311515.93468564725,530249.2466712694,30710.81864308339,88349.37678957244,441899.8698816969
Manitoba,1981,1035545.0,159613.0,875932.0,570629.3644845568,305302.63551544317,536508.7076088969,34120.65687565997,89956.92491645289,446551.7826924439
Manitoba,1982,1045224.0,160268.0,884956.0,575813.249857418,309142.750142582,526332.1258164835,49481.12404093441,96517.39384296192,429814.7319735215
Manitoba,1983,1059752.0,161567.0,898185.0,590931.2384664334,307253.76153356663,534881.5986318804,56049.639834552945,101038.05949366638,433843.53913821396
Manitoba,1984,1071810.0,162194.0,909616.0,599140.9036231657,310475.0963768343,548062.0049649625,51078.89865820317,103051.62536204707,445010.3796029154
Manitoba,1985,1082495.0,162212.0,920283.0,606736.5588287048,313546.44117129524,556479.2060634918,50257.352765212985,101444.74665918398,455034.45940430777
Manitoba,1986,1091552.0,161173.0,930379.0,620049.2572020045,310329.74279799545,572956.787859844,47092.46934216051,106969.35037941141,465987.43748043256
Manitoba,1987,1098373.0,161992.0,936381.0,624908.7407641237,311472.25923587626,578139.2730744166,46769.46768970717,110168.0794468657,467971.19362755085
Manitoba,1988,1102152.0,162007.0,940145.0,627818.8222941374,312326.17770586256,579387.1390745945,48431.68321954294,111900.4000454686,467486.7390291259
Manitoba,1989,1103792.0,161807.0,941985.0,634377.9997163148,307607.00028368516,587374.6651503025,47003.3345660124,114142.28374220285,473232.3814080995
Manitoba,1990,1105421.0,161491.0,943930.0,635318.229245655,308611.770754345,588506.8139767661,46811.41526888901,119486.0181786931,469020.79579807294
Manitoba,1991,1109604.0,161293.0,948311.0,635636.4940722609,312674.5059277391,580855.8900673859,54780.60400487512,126922.53284245582,453933.35722493
Manitoba,1992,1112689.0,162152.0,950537.0,632222.3456498346,318314.6543501654,573478.7709311799,58743.574718654774,127329.26438197284,446149.50654920697
Manitoba,1993,1117618.0,163022.0,954596.0,638289.5686077878,316306.43139221217,578688.9438923374,59600.624715450445,128106.12815826733,450582.81573407014
Manitoba,1994,1123230.0,163837.0,959393.0,640237.9595605143,319155.0404394857,584319.8863595464,55918.07320096783,124283.79054277609,460036.09581677045
Manitoba,1995,1129150.0,163895.0,965255.0,642349.3087644837,322905.69123551634,595861.3523826603,46487.95638182339,123999.93992288609,471861.41245977423
Manitoba,1996,1134196.0,163205.0,970991.0,645092.5792883149,325898.4207116851,598403.5583563981,46689.02093191676,126461.81597844911,471941.74237794906
Manitoba,1997,1136128.0,161537.0,974591.0,649213.3847827162,325377.61521728383,607140.2715578189,42073.1132248973,122538.09508801572,484602.1764698032
Manitoba,1998,1137489.0,159767.0,977722.0,654953.6428360181,322768.3571639819,618567.8648238333,36385.77801218481,120228.35778323562,498339.5070405976
Manitoba,1999,1142448.0,158435.0,984013.0,664244.4569955702,319768.5430044298,627029.0999941197,37215.357001450575,122954.44587018079,504074.6541239388
Manitoba,2000,1147313.0,157691.0,989622.0,671660.6698148112,317961.3301851888,638543.5119661948,33117.15784861639,120846.41437551893,517697.09759067575
Manitoba,2001,1151451.0,156501.0,994950.0,673944.270579521,321005.72942047904,639635.6498898657,34308.62068965524,122824.47418178985,516811.1757080758
Manitoba,2002,1156673.0,155974.0,1000699.0,689632.9796767638,311066.02032323624,654633.2101422626,34999.76953450105,130550.87245491758,524082.337687345
Manitoba,2003,1163585.0,155948.0,1007637.0,691638.2167051985,315998.7832948015,657400.423721497,34237.792983701496,129388.3736978174,528012.0500236795
Manitoba,2004,1173228.0,156378.0,1016850.0,700078.7776712939,316771.22232870606,663124.8688193265,36953.90885196745,127833.50871533081,535291.3601039957
Manitoba,2005,1178262.0,155062.0,1023200.0,699438.8650933361,323761.1349066639,666323.9755622288,33114.88953110725,131088.02121136073,535235.9543508681
Manitoba,2006,1183560.0,154057.0,1029503.0,705058.9326208004,324444.06737919955,673078.1273309916,31980.805289808963,133615.3378805678,539462.7894504238
Manitoba,2007,1189446.0,153984.0,1035462.0,715885.2713622334,319576.72863776656,682745.1895559324,33140.08180630096,132464.35247337542,550280.837082557
Manitoba,2008,1197767.0,154941.0,1042826.0,723549.7549288011,319276.2450711989,692892.4908038585,30657.264124942558,133054.3660009124,559838.1248029462
Manitoba,2009,1208555.0,155878.0,1052677.0,728455.5831190426,324221.41688095743,689085.2930587989,39370.290060243795,134105.7163892887,554979.5766695101
Manitoba,2010,1220782.0,157297.0,1063485.0,739332.9161018699,324152.0838981301,699179.0707559449,40153.845345925,138562.27088700773,560616.7998689373
Manitoba,2011,1233353.0,157999.0,1075354.0,746140.8329607552,329213.1670392448,705541.2780675609,40599.55489319429,139824.2912525764,565716.9868149845
Manitoba,2012,1249094.0,159339.0,1089755.0,752041.8320607344,337713.1679392656,711238.7604858058,40803.07157492863,139833.7004952976,571405.0599905082
Manitoba,2013,1263393.0,160383.0,1103010.0,759873.4096872808,343136.5903127192,718483.4301253128,41389.97956196803,142072.77878420232,576410.6513411106
Manitoba,2014,1277425.0,161792.0,1115633.0,762374.0671327233,353258.9328672767,720778.210102464,41595.85703025939,139210.39927521336,581567.8108272507
Manitoba,2015,1293598.0,162613.0,1130985.0,777998.7551409794,352986.2448590206,733804.743014628,44194.0121263515,140672.52435393937,593132.2186606886
Manitoba,2016,1314140.0,164988.0,1149152.0,781718.105384442,367433.894615558,734109.8177021149,47608.28768232713,143784.3206786284,590325.4970234865
Manitoba,2017,1334734.0,166817.0,1167917.0,788253.5195207535,379663.4804792465,745938.5902901611,42314.929230592374,145492.8147803003,600445.7755098607
Manitoba,2018,1352687.0,168763.0,1183924.0,800879.5998832344,383044.40011676564,753176.651908793,47702.9479744414,149421.83004013222,603754.8218686609
Manitoba,2019,1370033.0,170341.0,1199692.0,805917.064372181,393774.93562781904,762906.4996434894,43010.564728691585,151012.73586976549,611893.7637737239
Manitoba,2020,1380132.0,171730.0,1208402.0,794789.1181630916,413612.8818369084,729935.0488574997,64854.06930559194,141112.51099228012,588822.5378652195
Manitoba,2021,1391924.0,171278.0,1220646.0,814047.7436880894,406598.2563119106,761726.0524764245,52321.69121166498,140272.89970106844,621453.1527753561
Manitoba,2022,1412568.0,171819.0,1240749.0,827677.8962359484,413071.1037640516,790140.9988327915,37536.89740315696,148063.35061962472,642077.6482131667
Manitoba,2023,1454743.0,173661.0,1281082.0,850792.1826143669,430289.8173856331,815461.8675114134,35330.315102953406,147886.01490729526,667575.8526041182
New Brunswick,1976,689494.0,132931.0,556563.0,299931.3377717063,256631.66222829372,266997.0213214823,32934.316450223945,29431.07530823635,237565.94601324594
New Brunswick,1977,695843.0,130460.0,565383.0,303335.2703363499,262047.7296636501,262796.492317096,40538.778019253936,30564.87549450736,232231.6168225886
New Brunswick,1978,699514.0,126511.0,573003.0,314027.2508524436,258975.74914755637,274864.83079828846,39162.42005415523,32644.02899217409,242220.80180611432
New Brunswick,1979,703158.0,122368.0,580790.0,321815.6644392508,258974.33556074923,287039.7662859212,34775.89815332962,37676.06058061001,249363.7057053112
New Brunswick,1980,706219.0,118695.0,587524.0,327033.1099452629,260490.8900547371,290818.0340117271,36215.0759335358,38724.84272418667,252093.1912875404
New Brunswick,1981,706438.0,115755.0,590683.0,333036.8717221372,257646.1282778628,294556.08058667096,38480.79113546622,42857.50504996302,251698.5755367079
New Brunswick,1982,707457.0,114056.0,593401.0,328913.80537512567,264487.19462487433,282480.8092692191,46432.99610590655,44120.75800011035,238360.05126910872
New Brunswick,1983,714842.0,113759.0,601083.0,334641.4463811394,266441.5536188606,284712.5873634577,49928.85901768169,47488.310052626235,237224.2773108315
New Brunswick,1984,720488.0,112836.0,607652.0,338149.7547058641,269502.2452941359,288703.9505070239,49445.80419884019,46595.847257553934,242108.10324947
New Brunswick,1985,723287.0,111285.0,612002.0,348325.28344281414,263676.71655718586,295340.0897231261,52985.193719688075,48334.18463666223,247005.90508646384
New Brunswick,1986,725019.0,109081.0,615938.0,355838.39532794256,260099.60467205744,305056.5972863082,50781.79804163436,50267.4591002191,254789.1381860891
New Brunswick,1987,727768.0,107713.0,620055.0,362621.74347320583,257433.25652679417,314919.44342941704,47702.30004378877,50318.945350985254,264600.49807843176
New Brunswick,1988,730349.0,105669.0,624680.0,369778.40047889855,254901.59952110145,326316.30350194545,43462.096976953064,53270.407327357476,273045.896174588
New Brunswick,1989,735129.0,104488.0,630641.0,378431.30722855876,252209.69277144124,333069.2468523182,45362.06037624058,53012.70441416086,280056.5424381573
New Brunswick,1990,740156.0,103677.0,636479.0,382047.70103817375,254431.29896182625,335886.5939408138,46161.10709735996,53616.96933799949,282269.62460281426
New Brunswick,1991,745567.0,102514.0,643053.0,378079.70884371473,264973.29115628527,329896.8218226045,48182.887021110226,54798.1569986694,275098.66482393513
New Brunswick,1992,748121.0,101436.0,646685.0,380411.6912261533,266273.3087738467,331165.86473353556,49245.82649261772,55832.75360000227,275333.1111335333
New Brunswick,1993,748812.0,100803.0,648009.0,382201.0139707988,265807.9860292012,333818.3208130547,48382.6931577441,57587.5100207704,276230.8107922843
New Brunswick,1994,750185.0,100012.0,650173.0,379598.068792042,270574.931207958,331757.9821571086,47840.08663493334,56778.55428304646,274979.42787406215
New Brunswick,1995,750943.0,98338.0,652605.0,385757.7857173269,266847.2142826731,341561.10008089355,44196.68563643332,57508.823125586896,284052.27695530665
New Brunswick,1996,752268.0,96533.0,655735.0,385111.26555723517,270623.73444276483,339970.25583793636,45141.00971929882,58637.921511011904,281332.3343269244
New Brunswick,1997,752511.0,94438.0,658073.0,393605.62740989693,264467.37259010307,344208.2784863527,49397.34892354421,58267.14507456015,285941.13341179263
New Brunswick,1998,750530.0,92179.0,658351.0,398978.48478511075,259372.51521488925,350650.4982314797,48327.986553631046,56596.77194233722,294053.72628914245
New Brunswick,1999,750601.0,90273.0,660328.0,401729.5524409009,258598.44755909912,361226.84884599247,40502.703594908395,58541.87808085045,302684.97076514194
New Brunswick,2000,750517.0,88749.0,661768.0,407815.54407667444,253952.45592332556,366902.1597013262,40913.38437534827,56428.75749470634,310473.40220661985
New Brunswick,2001,749823.0,87104.0,662719.0,410964.97109906905,251754.02890093095,365061.7584410171,45903.21265805195,54669.483159649855,310392.27528136724
New Brunswick,2002,749375.0,85902.0,663473.0,419923.1119210621,243549.8880789379,377167.6385154799,42755.47340558219,59482.12910009117,317685.50941538875
New Brunswick,2003,749444.0,84872.0,664572.0,418627.30878656456,245944.69121343544,376122.08916388144,42505.21962268315,58568.86746436448,317553.22169951693
New Brunswick,2004,749424.0,83913.0,665511.0,424552.4906024096,240958.50939759042,383160.22640963853,41392.26419277106,61352.188745157604,321808.0376644809
New Brunswick,2005,748061.0,81995.0,666066.0,421610.81632148207,244455.18367851793,380820.9905034151,40789.82581806694,62905.673927683005,317915.3165757321
New Brunswick,2006,745621.0,79946.0,665675.0,422676.0520133536,242998.94798664638,383863.5295168226,38812.52249653103,62701.45947078683,321162.07004603575
New Brunswick,2007,745430.0,78928.0,666502.0,425467.63809863303,241034.36190136697,392470.1372143082,32997.5008843248,63436.34758764412,329033.7896266641
New Brunswick,2008,746875.0,78218.0,668657.0,433913.6734652087,234743.32653479133,396387.2379626217,37526.43550258703,62933.38903123564,333453.8489313861
New Brunswick,2009,749956.0,77592.0,672364.0,435199.6944708341,237164.3055291659,396645.6663499905,38554.0281208436,64130.52689582527,332515.13945416524
New Brunswick,2010,753034.0,77305.0,675729.0,434605.623869923,241123.376130077,393511.1615436513,41094.4623262717,60925.936823640535,332585.22472001077
New Brunswick,2011,755590.0,76369.0,679221.0,432123.82729468594,247097.17270531406,390470.04347826086,41653.78381642508,64566.415069676244,325903.6284085846
New Brunswick,2012,758121.0,75952.0,682169.0,434264.1603709296,247904.83962907043,388579.00920642976,45685.15116449984,61072.96351505032,327506.04569137946
New Brunswick,2013,758261.0,74784.0,683477.0,436648.39238041895,246828.60761958105,390822.5952047579,45825.797175661064,62779.525087928465,328043.0701168294
New Brunswick,2014,758657.0,73940.0,684717.0,434104.30789809936,250612.69210190064,390705.7246845552,43398.58321354415,62318.25115796199,328387.4735265932
New Brunswick,2015,759226.0,72649.0,686577.0,431809.60614881566,254767.39385118434,388844.9290613287,42964.677087486976,59981.64133017561,328863.287731153
New Brunswick,2016,763322.0,72727.0,690595.0,434419.2021797212,256175.7978202788,392064.243380155,42354.95879956616,63033.15962087527,329031.0837592798
New Brunswick,2017,766697.0,72617.0,694080.0,430752.20342998544,263327.79657001456,394813.55462837435,35938.64880161106,58967.618295799446,335845.9363325749
New Brunswick,2018,770497.0,72932.0,697565.0,431066.6756074265,266498.3243925735,396037.3742950974,35029.30131232907,58780.38005209557,337256.99424300174
New Brunswick,2019,777387.0,73320.0,704067.0,433751.64985736524,270315.35014263476,398146.60188018676,35605.04797717845,61003.31553423237,337143.2863459544
New Brunswick,2020,783432.0,73547.0,709885.0,431503.566616429,278381.433383571,386851.70775849855,44651.85885793045,56769.46392220025,330082.24383629835
New Brunswick,2021,790802.0,73542.0,717260.0,441344.8446043718,275915.1553956282,401013.8377021679,40331.006902203866,61903.56067318518,339110.27702898276
New Brunswick,2022,809264.0,75060.0,734204.0,445156.3746784617,289047.6253215383,413068.63351527706,32087.74116318463,58618.932937635655,354449.7005776413
New Brunswick,2023,832190.0,76865.0,755325.0,458594.1791487468,296730.8208512532,423981.1841910129,34612.99495773393,64409.29482426219,359571.88936675066
Newfoundland and Labrador,1976,562639.0,125250.0,437389.0,216904.82378597118,220484.17621402882,187886.5023156475,29018.321470323714,14406.66418362941,173479.83813201805
Newfoundland and Labrador,1977,565348.0,123273.0,442075.0,223798.63289036546,218276.36710963454,189049.48172757475,34749.151162790724,15343.68559937378,173705.79612820095
Newfoundland and Labrador,1978,567639.0,121020.0,446619.0,231152.95510275319,215466.04489724681,194264.35756359354,36888.59753915966,16574.392948571633,177689.9646150219
Newfoundland and Labrador,1979,570075.0,117955.0,452120.0,241281.91628066564,210838.08371933436,205699.4750386001,35582.441242065535,18274.272337061044,187425.20270153903
Newfoundland and Labrador,1980,572759.0,114545.0,458214.0,243555.27613952314,214658.72386047686,211126.27959390008,32428.99654562304,18771.2842297557,192354.99536414436
Newfoundland and Labrador,1981,575302.0,111152.0,464150.0,248559.99232635795,215590.00767364205,215022.05757305512,33537.93475330283,19047.835807389267,195974.22176566586
Newfoundland and Labrador,1982,573795.0,109112.0,464683.0,247407.33088009185,217275.66911990815,207082.53662436703,40324.794255724824,20339.569199660655,186742.96742470638
Newfoundland and Labrador,1983,579164.0,107828.0,471336.0,251348.8255195747,219987.1744804253,205919.99323344612,45428.83228612855,22810.387855067118,183109.605378379
Newfoundland and Labrador,1984,580065.0,105350.0,474715.0,254515.133383767,220199.866616233,203113.11301785748,51402.02036590951,23012.303657104178,180100.8093607533
Newfoundland and Labrador,1985,579275.0,102232.0,477043.0,258679.77257016452,218363.22742983548,206548.0959491221,52131.676621042425,24739.79656825372,181808.29938086835
Newfoundland and Labrador,1986,576306.0,99145.0,477161.0,259102.29397552492,218058.70602447508,210119.92571058162,48982.3682649433,24775.684303058988,185344.24140752264
Newfoundland and Labrador,1987,575242.0,96082.0,479160.0,258921.7754019042,220238.2245980958,212843.6647416888,46078.11066021541,25755.88774820365,187087.7769934851
Newfoundland and Labrador,1988,574982.0,93003.0,481979.0,266099.75770643976,215879.24229356024,223177.4352349642,42922.322471475556,26755.57109401964,196421.86414094458
Newfoundland and Labrador,1989,576551.0,90149.0,486402.0,272653.1203367132,213748.8796632868,230787.37329251962,41865.7470441936,29054.323941257564,201733.04935126205
Newfoundland and Labrador,1990,577368.0,87814.0,489554.0,277413.00577881356,212140.99422118644,230395.267170655,47017.73860815857,28550.128119138295,201845.1390515167
Newfoundland and Labrador,1991,579644.0,85320.0,494324.0,277877.67360407993,216446.32639592007,227911.4103573705,49966.263246709445,30633.50324255194,197277.90711481858
Newfoundland and Labrador,1992,580109.0,83915.0,496194.0,269946.3730327045,226247.62696729548,215761.40484429066,54184.96818841388,31789.616183261485,183971.7886610292
Newfoundland and Labrador,1993,579977.0,82475.0,497502.0,267983.42307265254,229518.57692734746,214254.16455087162,53729.25852178094,33110.91906506229,181143.24548580934
Newfoundland and Labrador,1994,574466.0,80087.0,494379.0,266312.04412610637,228066.95587389363,213159.71950789556,53152.324618210834,32001.941275063047,181157.77823283253
Newfoundland and Labrador,1995,567397.0,76616.0,490781.0,260599.2171828358,230181.7828171642,213929.24037313432,46669.976809701475,34897.88267537089,179031.35769776342
Newfoundland and Labrador,1996,559698.0,73225.0,486473.0,255848.9659886942,230624.0340113058,207217.19745713373,48631.76853156047,34784.42042062296,172432.77703651076
Newfoundland and Labrador,1997,550911.0,69965.0,480946.0,253104.0340185073,227841.9659814927,207075.99886225726,46028.03515625003,34841.011084118334,172234.98777813892
Newfoundland and Labrador,1998,539843.0,66693.0,473150.0,256127.21591890804,217022.78408109196,210791.5087638465,45335.70715506152,34883.61462046072,175907.8941433858
Newfoundland and Labrador,1999,533329.0,64016.0,469313.0,263645.0266901164,205667.97330988362,219690.58352982104,43954.44316029532,34330.905357349926,185359.6781724711
Newfoundland and Labrador,2000,527966.0,62337.0,465629.0,258716.9206909938,206912.0793090062,215823.3796583851,42893.541032608686,32289.46216897287,183533.9174894122
Newfoundland and Labrador,2001,522043.0,60318.0,461725.0,262506.71234348445,199218.28765651555,220449.7187115426,42056.993631941856,32377.96056844242,188071.7581431002
Newfoundland and Labrador,2002,519411.0,58883.0,460528.0,268329.7863500323,192198.21364996769,223458.01216721113,44871.77418282116,35371.99241063104,188086.01975658012
Newfoundland and Labrador,2003,518389.0,57600.0,460789.0,272217.3328842023,188571.6671157977,227065.22974028508,45152.103143917215,34688.7715244828,192376.4582158023
Newfoundland and Labrador,2004,517375.0,56247.0,461128.0,272445.49249307805,188682.50750692195,230204.34785321532,42241.14463986273,34372.41141395259,195831.93643926273
Newfoundland and Labrador,2005,514310.0,53987.0,460323.0,270129.61085840344,190193.38914159656,229204.42213458798,40925.18872381549,34204.51814006595,194999.90399452203
Newfoundland and Labrador,2006,510593.0,52330.0,458263.0,271185.00967413443,187077.99032586557,230666.1031059063,40518.90656822812,35313.8200101833,195352.283095723
Newfoundland and Labrador,2007,509047.0,51710.0,457337.0,271105.1088843178,186231.8911156822,234075.55023998432,37029.55864433347,33717.12967206634,200358.420567918
Newfoundland and Labrador,2008,511569.0,51720.0,459849.0,274386.8694712241,185462.13052877592,237622.23523225242,36764.63423897167,34445.01419807187,203177.22103418055
Newfoundland and Labrador,2009,516741.0,52073.0,464668.0,275483.5340374682,189184.4659625318,231760.8222958908,43722.711741577376,33296.75556613942,198464.0667297514
Newfoundland and Labrador,2010,522002.0,52349.0,469653.0,283178.92299923784,186474.07700076216,241323.60514481706,41855.31785442078,35866.98592429365,205456.61922052343
Newfoundland and Labrador,2011,524955.0,51939.0,473016.0,287746.5533717961,185269.4466282039,250068.12007944763,37678.43329234843,37374.214168164195,212693.90591128342
Newfoundland and Labrador,2012,526235.0,51337.0,474898.0,294654.85733107466,180243.14266892534,256997.3140598532,37657.54327122148,35129.19356736194,221868.12049249123
Newfoundland and Labrador,2013,526960.0,50616.0,476344.0,294021.53693879466,182322.46306120534,259223.28840566127,34798.248533133374,37505.177970435674,221718.11043522556
Newfoundland and Labrador,2014,527970.0,50149.0,477821.0,293149.8819252337,184671.1180747663,256281.74943925234,36868.13248598134,38716.89785046729,217564.85158878507
Newfoundland and Labrador,2015,528348.0,49218.0,479130.0,295891.6937199149,183238.30628008512,257041.3825142729,38850.31120564197,37482.594313220645,219558.7882010523
Newfoundland and Labrador,2016,529586.0,48921.0,480665.0,291852.76242836943,188812.23757163057,251859.9463235841,39992.81610478531,41076.370054123356,210783.57626946075
Newfoundland and Labrador,2017,529742.0,48559.0,481183.0,285851.0211067061,195331.97889329388,242440.92932789848,43410.09177880763,36444.49057671456,205996.43875118392
Newfoundland and Labrador,2018,528402.0,47898.0,480504.0,283122.4453151237,197381.5546848763,243461.45617373785,39660.98914138585,40215.33590085381,203246.120272884
Newfoundland and Labrador,2019,527643.0,47051.0,480592.0,282312.7635711081,198279.2364288919,247842.30776132797,34470.45580978013,38611.941378794676,209230.36638253328
Newfoundland and Labrador,2020,526884.0,46519.0,480365.0,271094.232582063,209270.767417937,231912.11783409707,39182.11474796598,36617.22999387099,195294.88784022606
Newfoundland and Labrador,2021,527056.0,45663.0,481393.0,277153.9268589396,204239.07314106042,240944.26454679872,36209.66231214089,36497.97014841572,204446.29439838295
Newfoundland and Labrador,2022,531308.0,45292.0,486016.0,283645.5595488079,202370.4404511921,251971.83550443198,31673.724044375926,38361.2125533167,213610.62295111528
Newfoundland and Labrador,2023,538907.0,44877.0,494030.0,291011.4687638458,203018.5312361542,256646.06778910058,34365.40097474523,39071.49091714666,217574.57687195393
Nova Scotia,1976,835166.0,152302.0,682864.0,380136.8616463337,302727.1383536663,345249.8757403979,34886.985905935835,42732.72010240561,302517.15563799225
Nova Scotia,1977,840028.0,148419.0,691609.0,384117.0962948535,307491.9037051465,344250.4414035869,39866.65489126659,45373.34948754402,298877.0919160429
Nova Scotia,1978,844628.0,143715.0,700913.0,393892.7941329535,307020.2058670465,352337.939480676,41554.854652277485,44860.461158612896,307477.4783220631
Nova Scotia,1979,849396.0,139335.0,710061.0,404895.94737693423,305165.05262306577,364458.03659621504,40437.91078071924,47845.94461368415,316612.09198253084
Nova Scotia,1980,852659.0,135346.0,717313.0,410817.0867865312,306495.9132134688,371248.3022235225,39568.78456300865,51064.88582887983,320183.4163946427
Nova Scotia,1981,854871.0,132875.0,721996.0,416184.28540569026,305811.71459430974,374854.0085879874,41330.276817702834,57021.70727081138,317832.30131717597
Nova Scotia,1982,859038.0,132114.0,726924.0,418599.1427901524,308324.8572098476,364872.85939820245,53726.283391949975,57679.77422876324,307193.08516943915
Nova Scotia,1983,868289.0,132050.0,736239.0,424836.02468724357,311402.97531275643,367562.71548143966,57273.3092058039,60124.83465986063,307437.880821579
Nova Scotia,1984,877471.0,131235.0,746236.0,442287.9345214788,303948.0654785212,384367.48107261496,57920.4534488638,62963.161763777134,321404.31930883776
Nova Scotia,1985,885848.0,129928.0,755920.0,449074.63856848935,306845.36143151065,388776.3626161232,60298.27595236613,64183.35401641894,324593.00859970425
Nova Scotia,1986,889087.0,127407.0,761680.0,456032.0175785108,305647.9824214892,395564.35907564685,60467.658502863975,67206.07621868995,328358.2828569569
Nova Scotia,1987,893606.0,126375.0,767231.0,459900.56365396164,307330.43634603836,404854.622829909,55045.94082405263,69239.82242315092,335614.80040675803
Nova Scotia,1988,897216.0,124836.0,772380.0,468767.8461613311,303612.1538386689,421053.0702053128,47714.77595601827,69752.7676544946,351300.3025508182
Nova Scotia,1989,903841.0,124403.0,779438.0,477734.92400284635,301703.07599715365,430674.01980436855,47060.904198477816,73562.04062187165,357111.97918249696
Nova Scotia,1990,910451.0,124490.0,785961.0,486749.0988414496,299211.9011585504,434642.3813412404,52106.717500209175,74509.31705304942,360133.0642881909
Nova Scotia,1991,914969.0,123619.0,791350.0,487405.75260027964,303944.24739972036,428439.3311536001,58966.421446679495,77486.40171523458,350952.92943836557
Nova Scotia,1992,919451.0,123306.0,796145.0,477362.7543081125,318782.2456918875,414968.88677668443,62393.86753142808,77640.91206036066,337327.9747163237
Nova Scotia,1993,923925.0,123291.0,800634.0,480844.8124758797,319789.1875241203,411857.088236326,68987.72423955366,77637.51422332488,334219.57401300105
Nova Scotia,1994,926871.0,122550.0,804321.0,483239.96343250596,321081.03656749404,418101.35677731514,65138.60665519082,83528.5947703192,334572.76200699597
Nova Scotia,1995,928120.0,120690.0,807430.0,479728.636342598,327701.363657402,421475.80662331346,58252.8297192845,84881.90692232056,336593.8997009929
Nova Scotia,1996,931327.0,119522.0,811805.0,482432.37432416895,329372.62567583105,422553.23409639945,59879.14022776951,84938.37386966257,337614.86022673687
Nova Scotia,1997,932402.0,117836.0,814566.0,486446.2296309013,328119.7703690987,427694.92854935623,58751.30108154512,88962.11127414518,338732.81727521104
Nova Scotia,1998,931836.0,115490.0,816346.0,494043.4014596875,322302.5985403125,442441.09928156005,51602.30217812749,87108.55880944234,355332.54047211766
Nova Scotia,1999,933784.0,113580.0,820204.0,498143.4233425179,322060.5766574821,450479.313626107,47664.1097164109,85897.70094454083,364581.61268156616
Nova Scotia,2000,933821.0,112475.0,821346.0,503033.09979367035,318312.90020632965,457397.1072350692,45635.9925586011,84826.64201233468,372570.4652227346
Nova Scotia,2001,932483.0,110400.0,822083.0,509956.6123264903,312126.3876735097,460240.5511095638,49716.0612169265,82573.90000449216,377666.65110507165
Nova Scotia,2002,935172.0,108489.0,826683.0,516932.6727436944,309750.3272563056,467395.48086572555,49537.191877968835,88082.59673527686,379312.8841304487
Nova Scotia,2003,937681.0,107055.0,830626.0,523388.142563081,307237.857436919,475845.00763612223,47543.13492695881,91389.15631724158,384455.8513188806
Nova Scotia,2004,939625.0,105324.0,834301.0,533211.8870370167,301089.1129629833,486222.3200562891,46989.566980727635,91658.54827999428,394563.77177629486
Nova Scotia,2005,937931.0,102094.0,835837.0,530429.0335041949,305407.96649580507,485635.37683730916,44793.656666885734,91141.88414093103,394493.49269637815
Nova Scotia,2006,937880.0,99643.0,838237.0,526806.6701569539,311430.32984304614,483351.0626724692,43455.60748448469,91554.0126655464,391797.0500069228
Nova Scotia,2007,935164.0,97990.0,837174.0,532345.063301893,304828.93669810705,488742.0608403947,43603.00246149824,91017.39242381336,397724.6684165814
Nova Scotia,2008,935965.0,97092.0,838873.0,535927.667621932,302945.332378068,493583.79977421,42343.86784772199,90894.09419827287,402689.7055759371
Nova Scotia,2009,938266.0,96047.0,842219.0,542582.4320786304,299636.56792136957,491731.8168601826,50850.615218447834,90456.02210366199,401275.79475652054
Nova Scotia,2010,942144.0,95604.0,846540.0,545890.6203756402,300649.3796243598,493646.06350876816,52244.556866872095,94443.83178874798,399202.2317200202
Nova Scotia,2011,944095.0,93902.0,850193.0,545620.742666795,304572.25733320497,496207.30330542277,49413.439361372235,94215.65591443772,401991.6473909851
Nova Scotia,2012,943163.0,92823.0,850340.0,550671.1121559241,299668.8878440759,499641.98922892805,51029.122926996075,99007.02192588066,400634.96730304736
Nova Scotia,2013,939808.0,90937.0,848871.0,545766.400147739,303104.599852261,496592.4430883865,49173.95705935247,97493.66315519014,399098.7799331963
Nova Scotia,2014,937768.0,89774.0,847994.0,536955.9057532132,311038.0942467868,488605.33079635963,48350.574956853576,93483.23234748679,395122.09844887286
Nova Scotia,2015,937419.0,88236.0,849183.0,532263.028708134,316919.97129186604,485391.8877314566,46871.140976677336,88952.07191835478,396439.8158131018
Nova Scotia,2016,942984.0,88409.0,854575.0,529045.1829775438,325529.8170224562,484658.8953637159,44386.28761382787,89982.17349193033,394676.7218717855
Nova Scotia,2017,952159.0,88441.0,863718.0,536273.1041812068,327444.8958187932,490413.83046760986,45859.27371359692,93549.1529411276,396864.6775264823
Nova Scotia,2018,962072.0,89304.0,872768.0,537874.7088058811,334893.2911941189,495832.54026996746,42042.16853591362,89258.9970189217,406573.5432510458
Nova Scotia,2019,975799.0,90221.0,885578.0,551248.7049080326,334329.29509196745,510604.3564139415,40644.34849409104,95112.84548977036,415491.5109241711
Nova Scotia,2020,989168.0,91263.0,897905.0,542456.3137475689,355448.68625243113,488898.1968983519,53558.11684921694,87292.0882862126,401606.10861213924
Nova Scotia,2021,999908.0,91124.0,908784.0,566511.2285636015,342272.7714363985,517991.85024198703,48519.37832161452,96892.95005594558,421098.9001860414
Nova Scotia,2022,1025263.0,92880.0,932383.0,575850.4376090923,356532.56239090767,538002.8929903206,37847.54461877182,92108.32932997461,445894.563660346
Nova Scotia,2023,1056486.0,93976.0,962510.0,596808.1848068569,365701.8151931431,566860.4156393096,29947.769167547263,99129.9271217696,467730.48851754004
Ontario,1976,8413779.0,1417598.0,6996181.0,4494892.757219711,2501288.2427802887,4219229.382975465,275663.3742442458,568995.7328718968,3650233.6501035686
Ontario,1977,8504080.0,1392178.0,7111902.0,4588770.40144032,2523131.5985596804,4269720.758266514,319049.64317380515,598375.7712369675,3671344.987029548
Ontario,1978,8590144.0,1357906.0,7232238.0,4734245.232002599,2497992.767997401,4391176.145273668,343069.08672893106,611485.7732526057,3779690.3720210623
Ontario,1979,8662088.0,1322547.0,7339541.0,4888491.244164134,2451049.7558358656,4566819.314267984,321671.9298961505,668318.8757264883,3898500.4385414952
Ontario,1980,8746013.0,1295207.0,7450806.0,4976113.536113142,2474692.463886858,4635850.28048776,340263.25562538236,694693.3230988381,3941156.9573889216
Ontario,1981,8812286.0,1281693.0,7530593.0,5098438.794945942,2432154.2050540578,4762556.010631205,335882.784314737,738267.5210005988,4024288.489630607
Ontario,1982,8920288.0,1281917.0,7638371.0,5161752.115512959,2476618.8844870413,4651747.895045113,510004.2204678461,764574.1792918949,3887173.7157532177
Ontario,1983,9039564.0,1288035.0,7751529.0,5239842.434867609,2511686.5651323907,4694572.165851682,545270.2690159273,799786.605024828,3894785.560826855
Ontario,1984,9167484.0,1290637.0,7876847.0,5345142.819931977,2531704.1800680226,4865215.451132645,479927.3687993324,816908.8796586706,4048306.5714739747
Ontario,1985,9294657.0,1292248.0,8002409.0,5471776.485089011,2530632.5149109894,5038859.983808926,432916.5012800836,846804.3107374494,4192055.673071477
Ontario,1986,9437359.0,1287986.0,8149373.0,5602934.851510662,2546438.1484893383,5212030.072232183,390904.7792784782,859925.3991118443,4352104.6731203385
Ontario,1987,9637945.0,1306289.0,8331656.0,5756598.410700479,2575057.5892995214,5406410.82380437,350187.586896109,880260.4135839832,4526150.410220388
Ontario,1988,9838620.0,1325293.0,8513327.0,5928716.509588491,2584610.490411509,5629505.08072762,299211.42886087147,935108.3776290813,4694396.703098538
Ontario,1989,10103305.0,1352831.0,8750474.0,6117973.369546948,2632500.630453052,5813784.522559926,304188.84698702215,960861.6065823047,4852922.915977622
Ontario,1990,10295832.0,1377539.0,8918293.0,6203172.578509161,2715120.4214908388,5819526.334644743,383646.2438644185,989277.1825311165,4830249.152113625
Ontario,1991,10431316.0,1402750.0,9028566.0,6187068.598903793,2841497.401096207,5597487.015312302,589581.5835914906,1016588.8223235619,4580898.19298874
Ontario,1992,10572205.0,1431964.0,9140241.0,6155396.485213208,2984844.514786792,5491037.084117101,664359.4010961069,1017009.5495306433,4474027.534586457
Ontario,1993,10690038.0,1455154.0,9234884.0,6159829.799440975,3075054.2005590247,5487646.027020849,672183.7724201266,1071429.521491713,4416216.505529135
Ontario,1994,10819146.0,1471878.0,9347268.0,6162346.814854861,3184921.1851451388,5567765.010479913,594581.8043749479,1058385.5991017215,4509379.411378191
Ontario,1995,10950119.0,1482537.0,9467582.0,6199727.164434022,3267854.8355659777,5656612.907410246,543114.2570237754,1059874.3067976676,4596738.600612579
Ontario,1996,11082903.0,1494576.0,9588327.0,6284788.167824867,3303538.832175133,5718131.703243894,566656.4645809741,1097859.9591436775,4620271.744100217
Ontario,1997,11227651.0,1495651.0,9732000.0,6395879.045225701,3336120.9547742987,5860611.797786386,535267.2474393162,1122662.4320807713,4737949.365705615
Ontario,1998,11365901.0,1494215.0,9871686.0,6509585.829448578,3362100.170551422,6041753.886237338,467831.9432112404,1125864.8328948198,4915889.053342517
Ontario,1999,11504759.0,1492672.0,10012087.0,6662778.713093964,3349308.2869060356,6241139.453728756,421639.2593652077,1122970.5069916316,5118168.946737125
Ontario,2000,11683290.0,1498117.0,10185173.0,6828249.723651867,3356923.2763481326,6433825.641626302,394424.08202556503,1158155.168717915,5275670.472908387
Ontario,2001,11897473.0,1506079.0,10391394.0,6992955.5473648645,3398438.4526351355,6548237.871498081,444717.67586678336,1170319.7568182154,5377918.114679865
Ontario,2002,12093412.0,1514157.0,10579255.0,7165638.992271646,3413616.007728354,6657274.468024815,508364.5242468311,1215003.949332652,5442270.518692163
Ontario,2003,12243641.0,1518224.0,10725417.0,7344311.98537873,3381105.01462127,6835263.9439569255,509048.04142180434,1267568.7403245282,5567695.203632398
Ontario,2004,12389641.0,1522449.0,10867192.0,7431775.281273905,3435416.718726095,6930329.486293145,501445.79498075944,1260537.0987295802,5669792.387563567
Ontario,2005,12527581.0,1522267.0,11005314.0,7480778.395364137,3524535.6046358626,6983993.2068222,496785.18854193797,1270592.1150407447,5713401.091781456
Ontario,2006,12661953.0,1519227.0,11142726.0,7542643.629089715,3600082.370910285,7055447.278176589,487196.3509131264,1266255.698664035,5789191.579512553
Ontario,2007,12765133.0,1515346.0,11249787.0,7613527.978161394,3636259.0218386063,7122350.197128538,491177.7810328556,1302167.5239530448,5820182.673175493
Ontario,2008,12883824.0,1514782.0,11369042.0,7687989.529493575,3681052.470506425,7178581.798345732,509407.7311478435,1356817.9729821316,5821763.8253636
Ontario,2009,12998941.0,1508555.0,11490386.0,7708698.7086987505,3781687.2913012495,7002833.493036334,705865.2156624158,1382826.7726872237,5620006.720349111
Ontario,2010,13136481.0,1501293.0,11635188.0,7791974.839648559,3843213.1603514412,7111135.760739097,680839.0789094619,1397863.0566351807,5713272.704103917
Ontario,2011,13262345.0,1487196.0,11775149.0,7860878.534235639,3914270.4657643614,7229499.056202248,631379.4780333907,1408395.7924323443,5821103.263769904
Ontario,2012,13392364.0,1480210.0,11912154.0,7913301.001134976,3998852.998865024,7280702.429034405,632598.5721005707,1404453.107468415,5876249.32156599
Ontario,2013,13511902.0,1473336.0,12038566.0,8000090.32299459,4038475.67700541,7391084.527491677,609005.7955029126,1457146.8651813697,5933937.662310308
Ontario,2014,13617763.0,1472159.0,12145604.0,8012759.918411554,4132844.081588446,7423299.683490578,589460.2349209759,1457638.1230720452,5965661.560418531
Ontario,2015,13709293.0,1469118.0,12240175.0,8015437.937873939,4224737.062126061,7473202.478794884,542235.4590790557,1418887.6214893411,6054314.857305542
Ontario,2016,13876500.0,1480385.0,12396115.0,8080387.977751108,4315727.022248892,7550448.928974268,529939.0487768402,1437494.689600104,6112954.2393741645
Ontario,2017,14078499.0,1491545.0,12586954.0,8219200.801830857,4367753.198169143,7719541.772324614,499659.02950624254,1492376.4214025466,6227165.350922067
Ontario,2018,14326746.0,1510954.0,12815792.0,8322545.019956698,4493246.980043302,7852875.028784852,469669.99117184593,1473935.5439234476,6378939.484861403
Ontario,2019,14573565.0,1524605.0,13048960.0,8516939.02101326,4532020.97898674,8043486.9857760975,473452.0352371617,1499159.502519558,6544327.48325654
Ontario,2020,14761811.0,1534244.0,13227567.0,8433740.636390485,4793826.363609515,7610164.729814989,823575.9065754958,1322248.5173577745,6287916.212457214
Ontario,2021,14842488.0,1527395.0,13315093.0,8684432.592915466,4630660.407084534,7978602.724253774,705829.8686616922,1406981.1840214112,6571621.540232362
Ontario,2022,15141455.0,1529564.0,13611891.0,8909561.179072333,4702329.8209276665,8408889.52826335,500671.65080898476,1478879.4255483605,6930010.102714988
Ontario,2023,15623207.0,1536141.0,14087066.0,9232415.09762278,4854650.90237722,8756532.362506138,475882.73511664267,1497591.589062574,7258940.773443563
Prince Edward Island,1976,118648.0,22714.0,95934.0,54838.73118712274,41095.26881287726,49781.44587525152,5057.285311871222,6940.635948091108,42840.80992716041
Prince Edward Island,1977,119902.0,22407.0,97495.0,55538.53103448277,41956.46896551723,50207.52364532021,5331.007389162558,7193.082480938186,43014.44116438202
Prince Edward Island,1978,121684.0,21991.0,99693.0,57145.55455070233,42547.44544929767,51563.3604002309,5582.194150471426,7048.367099529423,44514.99330070148
Prince Edward Island,1979,122885.0,21467.0,101418.0,60083.29179216868,41334.70820783132,53219.63008283133,6863.661709337352,7830.629224461095,45389.00085837023
Prince Edward Island,1980,123735.0,20931.0,102804.0,61009.182079584454,41794.817920415546,54629.822465448466,6379.359614135986,7887.371365035945,46742.45110041253
Prince Edward Island,1981,123551.0,20532.0,103019.0,60428.07248111991,42590.92751888009,53625.289003499725,6802.783477620186,8950.203102708007,44675.08590079172
Prince Edward Island,1982,123588.0,20462.0,103126.0,60501.34175361523,42624.65824638477,52818.33205198609,7683.009701629134,8903.769596893615,43914.56245509248
Prince Edward Island,1983,125102.0,20302.0,104800.0,62998.81230879971,41801.18769120029,55125.13946373942,7873.6728450602905,9088.529920137644,46036.60954360178
Prince Edward Island,1984,126563.0,20007.0,106556.0,64133.63428672629,42422.36571327371,56047.34260161163,8086.291685114664,8668.37897187497,47378.963629736645
Prince Edward Island,1985,127619.0,19871.0,107748.0,66238.29276402135,41509.707235978654,57366.924490331614,8871.368273689724,9157.205931302316,48209.718559029294
Prince Edward Island,1986,128436.0,19706.0,108730.0,68096.68229573674,40633.31770426326,59175.10115481462,8921.581140922115,10117.337868893346,49057.76328592127
Prince Edward Island,1987,128641.0,19600.0,109041.0,68896.7868200294,40144.2131799706,60419.06832136989,8477.718498659524,10101.283511112573,50317.784810257304
Prince Edward Island,1988,129289.0,19603.0,109686.0,70301.62606378406,39384.37393621594,61693.0712627869,8608.55480099717,10274.316348856848,51418.75491393005
Prince Edward Island,1989,130153.0,19856.0,110297.0,72070.88270972151,38226.11729027849,62252.88561421494,9817.997095506567,10912.631174880547,51340.25443933439
Prince Edward Island,1990,130404.0,19765.0,110639.0,72462.34199796127,38176.658002038734,62124.005266734624,10338.336731226644,10554.501953788651,51569.50331294598
Prince Edward Island,1991,130369.0,19428.0,110941.0,72128.06832980973,38812.93167019027,60213.05183932347,11915.016490486252,10856.553058765348,49356.498780558126
Prince Edward Island,1992,130827.0,19287.0,111540.0,73030.92005023021,38509.07994976979,60107.407283382156,12923.512766848055,10747.805776475512,49359.60150690665
Prince Edward Island,1993,132177.0,19464.0,112713.0,73670.08876766675,39042.91123233325,61093.632035705436,12576.45673196132,11728.71038928837,49364.92164641707
Prince Edward Island,1994,133437.0,19344.0,114093.0,74699.53802839889,39393.46197160111,62241.85612861106,12457.68189978782,11366.632715081383,50875.22341352968
Prince Edward Island,1995,134415.0,19214.0,115201.0,74993.19094138543,40207.80905861457,63739.09680284192,11254.094138543509,11539.054578019959,52200.042224821955
Prince Edward Island,1996,135737.0,19268.0,116469.0,76874.55901364615,39594.440986353846,65730.48982523342,11144.06918841273,11762.493935340257,53967.99588989317
Prince Edward Island,1997,136095.0,18913.0,117182.0,77074.8443246671,40107.155675332906,65269.33370323399,11805.510621433106,11368.957514267597,53900.376188966395
Prince Edward Island,1998,135804.0,18432.0,117372.0,76901.1335175681,40470.8664824319,66169.44966442953,10731.683853138577,11693.858769991606,54475.590894437926
Prince Edward Island,1999,136281.0,18293.0,117988.0,78054.31156409251,39933.68843590749,66972.41238729909,11081.899176793415,11339.342298968195,55633.07008833091
Prince Edward Island,2000,136470.0,18087.0,118383.0,79174.107674328,39208.892325672,69480.26014803273,9693.84752629527,11461.707148507587,58018.55299952513
Prince Edward Island,2001,136667.0,17591.0,119076.0,79856.70651921739,39219.29348078261,70399.50661201763,9457.199907199756,11427.833578222877,58971.67303379477
Prince Edward Island,2002,136882.0,17268.0,119614.0,80712.15448339342,38901.84551660658,71197.71726624222,9514.437217151186,11487.054383677227,59710.662882565
Prince Edward Island,2003,137231.0,17102.0,120129.0,81140.80609059763,38988.19390940237,72351.77152645604,8789.034564141597,12072.347164065475,60279.42436239056
Prince Edward Island,2004,137682.0,16742.0,120940.0,82135.18521312713,38804.81478687287,72956.33647680121,9178.84873632592,12093.97545749551,60862.361019305696
Prince Edward Island,2005,138067.0,16339.0,121728.0,83110.21324354658,38617.786756453424,73993.1367003367,9117.07654320987,12468.808978675646,61524.32772166106
Prince Edward Island,2006,137869.0,16066.0,121803.0,83586.56074140241,38216.43925859759,73975.78360875392,9610.77713264849,11706.636018497342,62269.14759025658
Prince Edward Island,2007,137709.0,15802.0,121907.0,82599.94610023724,39307.05389976276,73959.44402431791,8640.502075919325,12534.426791511358,61425.01723280655
Prince Edward Island,2008,138736.0,15763.0,122973.0,83950.02610102198,39022.973898978016,74546.89986030439,9403.126240717598,12315.97253878391,62230.92732152047
Prince Edward Island,2009,139873.0,15853.0,124020.0,84317.70463151763,39702.29536848237,74211.5016020973,10106.203029420325,12738.738292038843,61472.76331005845
Prince Edward Island,2010,141644.0,15819.0,125825.0,85686.27601745226,40138.723982547745,75777.59101637937,9908.685001072883,13785.924407682367,61991.666608697014
Prince Edward Island,2011,143918.0,15756.0,128162.0,88093.3544713161,40068.645528683905,77992.848143982,10100.506327334091,12977.793784697233,65015.05435928476
Prince Edward Island,2012,144415.0,15393.0,129022.0,89029.50838691641,39992.49161308359,78911.90396980711,10117.604417109302,13867.288426138406,65044.61554366869
Prince Edward Island,2013,143942.0,15172.0,128770.0,90194.89288714647,38575.107112853526,79791.60389246709,10403.288994679377,13944.601358071235,65847.00253439586
Prince Edward Island,2014,144095.0,15101.0,128994.0,88448.39169637242,40545.60830362758,79107.66449989517,9340.727196477248,12748.83036275949,66358.83413713567
Prince Edward Island,2015,144636.0,14969.0,129667.0,88396.99289000419,41270.007109995815,79033.05785584832,9363.93503415585,13494.551164087548,65538.50669176078
Prince Edward Island,2016,146891.0,15095.0,131796.0,88207.784184514,43588.21581548599,78717.5313014827,9490.252883031313,13683.320870765549,65034.21043071716
Prince Edward Island,2017,149740.0,15460.0,134280.0,90184.42504030092,44095.57495969908,81219.19666845782,8965.228371843099,13354.683053845458,67864.51361461237
Prince Edward Island,2018,152259.0,15726.0,136533.0,91876.86312885853,44656.13687114147,82873.89898857218,9002.964140286338,13501.524434962104,69372.37455361008
Prince Edward Island,2019,155792.0,15888.0,139904.0,93615.39406345956,46288.605936540436,85435.23439099283,8180.15967246674,12823.786622215639,72611.4477687772
Prince Edward Island,2020,159193.0,15915.0,143278.0,92997.26717845455,50280.73282154545,83088.9786055877,9908.288572866843,12748.243896300026,70340.73470928769
Prince Edward Island,2021,162133.0,15995.0,146138.0,96518.88252077905,49619.11747922095,86973.95546458254,9544.927056196506,14157.286206302411,72816.66925828012
Prince Edward Island,2022,167213.0,16237.0,150976.0,98776.61066874216,52199.389331257844,91355.71047117285,7420.900197569319,14318.96352526596,77036.74694590688
Prince Edward Island,2023,173713.0,16337.0,157376.0,100987.56749116608,56388.432508833925,93313.40212014134,7674.1653710247265,15348.330742049471,77965.07137809187
Quebec,1976,6396761.0,1082242.0,5314519.0,3127039.1532581667,2187479.8467418333,2854245.4819182195,272793.6713399475,256914.61420988146,2597330.867708338
Quebec,1977,6433133.0,1062124.0,5371009.0,3187149.9149351674,2183859.0850648326,2856802.2557645887,330347.65917057905,279857.8422667782,2576944.4134978103
Quebec,1978,6440459.0,1031532.0,5408927.0,3246666.9808547255,2162260.0191452745,2890457.1850721356,356209.79578259005,301256.1499399447,2589201.035132191
Quebec,1979,6465996.0,1003649.0,5462347.0,3308310.119739479,2154036.880260521,2986698.6489228453,321611.4708166337,332373.1494238476,2654325.499498998
Quebec,1980,6505997.0,977893.0,5528104.0,3392480.329141757,2135623.670858243,3052583.8892033775,339896.43993837957,361806.6723269393,2690777.2168764384
Quebec,1981,6547207.0,961431.0,5585776.0,3455929.344730023,2129846.655269977,3090405.013564969,365524.3311650537,396531.23407935875,2693873.77948561
Quebec,1982,6580631.0,943783.0,5636848.0,3410182.5168288173,2226665.4831711827,2929145.7711136565,481036.7457151609,415244.0550264024,2513901.7160872538
Quebec,1983,6602976.0,925792.0,5677184.0,3467244.6709934087,2209939.3290065913,2977754.0237433645,489490.64725004387,442120.46617623005,2535633.557567135
Quebec,1984,6631220.0,909293.0,5721927.0,3529610.008082506,2192316.991917494,3065895.4689179137,463714.5391645924,450388.72416920075,2615506.744748713
Quebec,1985,6665802.0,893857.0,5771945.0,3602833.6298573096,2169111.3701426904,3163808.8951339093,439024.73472340027,497370.4498488762,2666438.445285033
Quebec,1986,6708170.0,881593.0,5826577.0,3663265.8801962906,2163311.1198037094,3259253.727951442,404012.1522448487,508082.56747943454,2751171.1604720075
Quebec,1987,6781984.0,885544.0,5896440.0,3747607.740862427,2148832.259137573,3366474.1539062476,381133.58695617947,503889.1780973028,2862584.975808945
Quebec,1988,6837077.0,893137.0,5943940.0,3791834.1908595813,2152105.8091404187,3432478.7808300643,359355.4100295175,520019.6863635471,2912459.094466517
Quebec,1989,6925128.0,907570.0,6017558.0,3859530.7877008654,2158027.2122991346,3490592.7446847963,368938.043016069,524914.3073118186,2965678.4373729774
Quebec,1990,6996986.0,925447.0,6071539.0,3900740.75107011,2170798.24892989,3492558.842332237,408181.9087378731,538404.3989301187,2954154.4434021185
Quebec,1991,7067396.0,946203.0,6121193.0,3894420.381368989,2226772.618631011,3421348.1619655117,473072.219403477,573078.6371705962,2848269.524794916
Quebec,1992,7110010.0,959909.0,6150101.0,3847963.508101171,2302137.491898829,3356981.8218715885,490981.6862295824,574651.0366281061,2782330.785243482
Quebec,1993,7156537.0,965989.0,6190548.0,3857277.985807471,2333270.014192529,3346449.6523157167,510828.3334917543,592319.5565361591,2754130.095779558
Quebec,1994,7192403.0,961300.0,6231103.0,3891641.8006679253,2339461.1993320747,3414161.5523517444,477480.2483161809,584662.452691142,2829499.099660602
Quebec,1995,7219219.0,941723.0,6277496.0,3902059.878604087,2375436.121395913,3458102.328218578,443957.5503855094,599076.218131967,2859026.110086611
Quebec,1996,7246897.0,919717.0,6327180.0,3917767.9030456557,2409412.0969543443,3454217.597405332,463550.3056403231,614019.0028229055,2840198.5945824264
Quebec,1997,7274611.0,894809.0,6379802.0,3959071.0198495365,2420730.9801504635,3506924.182969735,452146.8368798014,624614.7431860607,2882309.4397836747
Quebec,1998,7295935.0,873243.0,6422692.0,4017958.23075786,2404733.76924214,3602275.2768678125,415682.95389004756,632213.5706458178,2970061.7062219945
Quebec,1999,7323250.0,855665.0,6467585.0,4063955.116938094,2403629.883061906,3683639.1273379773,380315.9896001168,619374.4195333265,3064264.707804651
Quebec,2000,7356951.0,848015.0,6508936.0,4109862.6249225154,2399073.3750774846,3762201.67079636,347660.9541261554,635069.3549317156,3127132.315864644
Quebec,2001,7396014.0,844896.0,6551118.0,4164521.3145819763,2386596.6854180237,3802514.9863878344,362006.3281941421,659795.4411016161,3142719.545286218
Quebec,2002,7441305.0,850043.0,6591262.0,4296069.770248905,2295192.229751095,3920972.886264314,375096.8839845905,700781.8015074107,3220191.0847569034
Quebec,2003,7485488.0,857595.0,6627893.0,4380799.2270489,2247093.7729511,3979704.9713697787,401094.2556791213,737603.7349510194,3242101.23641876
Quebec,2004,7535483.0,863106.0,6672377.0,4400147.043059965,2272229.9569400353,4025911.352897594,374235.69016237033,732429.1552515812,3293482.197646013
Quebec,2005,7581467.0,859176.0,6722291.0,4410000.534982348,2312290.465017652,4048573.2486944967,361427.2862878511,737505.9286574014,3311067.3200370953
Quebec,2006,7631901.0,853439.0,6778462.0,4434315.481701458,2344146.518298542,4069954.711176658,364360.77052479977,750854.5688145788,3319100.142362079
Quebec,2007,7692400.0,849467.0,6842933.0,4486783.687242337,2356149.3127576634,4154152.546192454,332631.14104988205,784075.5059547196,3370077.040237735
Quebec,2008,7761614.0,848048.0,6913566.0,4534082.410605659,2379483.589394341,4195044.678972128,339037.7316335314,797023.3746615655,3398021.304310562
Quebec,2009,7843915.0,848016.0,6995899.0,4571245.9821081115,2424653.0178918885,4169016.7217756594,402229.26033245225,800679.607866923,3368337.1139087365
Quebec,2010,7929479.0,847545.0,7081934.0,4627362.504804795,2454571.4951952053,4246912.927347026,380449.57745776896,841912.6044356218,3405000.322911404
Quebec,2011,8004736.0,843200.0,7161536.0,4671494.567629357,2490041.432370643,4299135.258351967,372359.3092773904,839124.0825904051,3460011.1757615614
Quebec,2012,8059752.0,842117.0,7217635.0,4713043.474414156,2504591.525585844,4344561.087996174,368482.3864179821,842676.8582515254,3501884.2297446486
Quebec,2013,8108825.0,841503.0,7267322.0,4759459.898577622,2507862.101422378,4388226.034850122,371233.86372750025,851684.7998217581,3536541.235028364
Quebec,2014,8147535.0,841086.0,7306449.0,4746175.5405737525,2560273.4594262475,4372482.28941422,373693.2511595335,889930.6630318959,3482551.626382324
Quebec,2015,8175743.0,839134.0,7336609.0,4769773.6152775865,2566835.3847224135,4401655.630917151,368117.98436043545,873112.2533472363,3528543.377569915
Quebec,2016,8225036.0,845358.0,7379678.0,4776422.555573435,2603255.4444265654,4434779.441444142,341643.11412929266,867225.5329525216,3567553.90849162
Quebec,2017,8292832.0,854724.0,7438108.0,4832962.681612875,2605145.3183871247,4544276.044098217,288686.63751465856,894445.8150897601,3649830.2290084567
Quebec,2018,8386951.0,870495.0,7516456.0,4887814.615301442,2628641.3846985577,4621908.6816475885,265905.93365385424,879187.8739464671,3742720.8077011216
Quebec,2019,8483186.0,884562.0,7598624.0,4949662.749474151,2648961.250525849,4698349.85825212,251312.8912220302,893284.0037876514,3805065.8544644695
Quebec,2020,8551095.0,896999.0,7654096.0,4880687.103514112,2773408.8964858884,4444672.315589497,436014.7879246148,773298.6679646887,3671373.647624809
Quebec,2021,8572020.0,896161.0,7675859.0,4924150.073285085,2751708.926714915,4622951.011470128,301199.0618149581,818084.5041611219,3804866.5073090056
Quebec,2022,8673184.0,904101.0,7769083.0,4998658.036216467,2770424.9637835333,4784218.524099479,214439.5121169879,864416.592994726,3919801.9311047527
Quebec,2023,8848020.0,912327.0,7935693.0,5173593.788840308,2762099.211159692,4969487.478492608,204106.31034769944,900248.7180095772,4069238.7604830316
Saskatchewan,1976,931612.0,170936.0,760676.0,460495.027540168,300180.972459832,442770.31327258423,17724.71426758382,67733.82722282561,375036.4860497586
Saskatchewan,1977,944621.0,170135.0,774486.0,477417.73771346954,297068.26228653046,456467.2252872136,20950.512426256002,71268.29502577159,385198.9302614419
Saskatchewan,1978,952430.0,167011.0,785419.0,488314.1958723789,297104.8041276211,464850.20920701715,23463.986665361717,76927.33835444582,387922.87085257133
Saskatchewan,1979,959735.0,164572.0,795163.0,499765.22970789013,295397.77029210987,479175.040343006,20590.189364884063,82295.27302024126,396879.76732276473
Saskatchewan,1980,967548.0,162491.0,805057.0,508418.7421242981,296638.2578757019,486505.131959646,21913.61016465213,87012.73966165414,399492.3922979919
Saskatchewan,1981,975759.0,161752.0,814007.0,517967.0576462017,296039.9423537983,494806.2012739752,23160.85637222645,92678.1083818396,402128.09289213567
Saskatchewan,1982,986582.0,162844.0,823738.0,526723.1027564853,297014.89724351466,493241.70132084005,33481.40143564525,96661.42685514827,396580.27446569176
Saskatchewan,1983,1001249.0,164913.0,836336.0,542491.0577237352,293844.9422762648,501058.00331417215,41433.05440956306,102237.81519221171,398820.18812196044
Saskatchewan,1984,1014615.0,165542.0,849073.0,553717.0629343848,295355.9370656152,508764.7328865109,44952.33004787387,110039.63400934912,398725.09887716174
Saskatchewan,1985,1024928.0,165923.0,859005.0,567819.300013383,291185.69998661696,521595.54602636455,46223.75398701848,108026.31721835284,413569.2288080117
Saskatchewan,1986,1028717.0,165088.0,863629.0,577737.7561433315,285891.2438566685,533135.576645902,44602.17949742952,113008.28584885344,420127.2907970486
Saskatchewan,1987,1032799.0,165769.0,867030.0,574392.7282495513,292637.27175044874,532440.5931940536,41952.135055497645,114309.8225079481,418130.7706861056
Saskatchewan,1988,1028225.0,163701.0,864524.0,576442.3239345722,288081.67606542783,534307.9618560142,42134.36207855791,117307.05761279482,417000.90424321935
Saskatchewan,1989,1019439.0,161831.0,857608.0,569266.3040704465,288341.6959295535,527441.6350076377,41824.669062808876,113581.9176384384,413859.7173691993
Saskatchewan,1990,1007727.0,159414.0,848313.0,564899.7327549004,283413.26724509965,525101.6429123037,39798.089842596666,116448.39934465391,408653.2435676499
Saskatchewan,1991,1002713.0,157376.0,845337.0,565496.8536927125,279840.1463072875,524000.890636926,41495.963055786495,119981.01733860401,404019.87329832197
Saskatchewan,1992,1003995.0,157166.0,846829.0,563123.655172806,283705.344827194,518027.90594070667,45095.74923209937,121585.74379107842,396442.1621496283
Saskatchewan,1993,1006900.0,157495.0,849405.0,564983.0956644941,284421.9043355059,518086.5045055256,46896.59115896856,121745.27429112473,396341.23021440086
Saskatchewan,1994,1009575.0,156419.0,853156.0,563323.3723871084,289832.6276128916,524788.0962469119,38535.27614019657,115908.42979682279,408879.6664500891
Saskatchewan,1995,1014187.0,154507.0,859680.0,567705.3908482668,291974.6091517332,529350.3036008473,38355.08724741958,118384.86724264646,410965.43635820074
Saskatchewan,1996,1018945.0,153298.0,865647.0,565195.3779620058,300451.6220379942,528344.7051755387,36850.67278646709,112214.29037348153,416130.4148020572
Saskatchewan,1997,1017902.0,151043.0,866859.0,573530.857429988,293328.142570012,539526.7073227924,34004.15010719558,112365.90387905439,427160.8034437381
Saskatchewan,1998,1017332.0,148484.0,868848.0,578151.475671281,290696.524328719,544526.2036506999,33625.27202058107,109468.40355937676,435057.80009132315
Saskatchewan,1999,1014524.0,145819.0,868705.0,579826.4988311254,288878.50116887456,545089.9034843594,34736.595346766044,111553.68740139247,433536.2160829669
Saskatchewan,2000,1007565.0,143050.0,864515.0,577041.2568778669,287473.7431221331,547593.386031094,29447.870846772847,107143.08044773251,440450.30558336154
Saskatchewan,2001,1000307.0,139924.0,860383.0,565311.4159326833,295071.5840673167,532717.9288073519,32593.48712533144,104714.8929657241,428003.0358416278
Saskatchewan,2002,996854.0,137868.0,858986.0,574021.6612424705,284964.3387575295,541393.6305852737,32628.030657196807,109520.18007542404,431873.4505098497
Saskatchewan,2003,996422.0,136248.0,860174.0,583067.6665620587,277106.33343794127,550163.5189078928,32904.147654166074,110715.27443903971,439448.24446885305
Saskatchewan,2004,997305.0,134220.0,863085.0,585859.806325654,277225.19367434597,554874.05823618,30985.748089473982,109039.37241590461,445834.6858202754
Saskatchewan,2005,993510.0,130865.0,862645.0,585728.091974772,276916.90802522795,556169.6536181498,29558.438356622246,109294.12816741326,446875.5254507366
Saskatchewan,2006,992313.0,128635.0,863678.0,594759.9900208917,268918.00997910835,566581.1371960706,28178.852824821013,107108.53899630971,459472.59819976095
Saskatchewan,2007,1002074.0,129350.0,872724.0,609219.1274858422,263504.8725141578,582697.1910970631,26521.936388779024,110294.37257306947,472402.81852399366
Saskatchewan,2008,1017368.0,131302.0,886066.0,621012.8353075712,265053.1646924288,594620.3155544047,26392.51975316643,107579.20762731129,487041.1079270935
Saskatchewan,2009,1034791.0,132918.0,901873.0,636541.495291563,265331.504708437,604509.5036703564,32031.99162120654,116301.06352417772,488208.4401461786
Saskatchewan,2010,1051426.0,135106.0,916320.0,647247.203014092,269072.79698590795,612781.0128848274,34466.19012926455,113815.2664069908,498965.74647783657
Saskatchewan,2011,1065661.0,136463.0,929198.0,650754.9908516573,278443.00914834265,618429.756851001,32325.2340006563,111632.60350344601,506797.15334755497
Saskatchewan,2012,1083005.0,138363.0,944642.0,661935.1603243035,282706.83967569645,629783.5879567461,32151.572367557434,110339.9310799551,519443.6568767909
Saskatchewan,2013,1098868.0,139756.0,959112.0,673723.755804572,285388.244195428,645483.9523083819,28239.803496190063,112641.06743015042,532842.8848782314
Saskatchewan,2014,1111989.0,141595.0,970394.0,676056.5740120562,294337.4259879438,649713.9765572672,26342.597454788982,111372.98459477561,538340.9919624917
Saskatchewan,2015,1122210.0,142328.0,979882.0,686164.8255754777,293717.1744245223,650614.1818430943,35550.64373238336,115604.64257929301,535009.5392638013
Saskatchewan,2016,1135496.0,144881.0,990615.0,690967.1146354227,299647.8853645773,646614.6579544133,44352.4566810094,116804.40269217352,529810.2552622398
Saskatchewan,2017,1147315.0,146897.0,1000418.0,692393.4018526687,308024.5981473313,647908.8477973188,44484.554055349945,117645.49574358153,530263.3520537373
Saskatchewan,2018,1156210.0,149019.0,1007191.0,694061.4299770884,313129.57002291165,651623.9566011009,42437.4733759874,120029.18834395967,531594.7682571412
Saskatchewan,2019,1164223.0,149655.0,1014568.0,700618.1891767014,313949.81082329864,661929.347301719,38688.841874982354,122418.2758835207,539511.0714181984
Saskatchewan,2020,1167386.0,150025.0,1017361.0,684223.5332294815,333137.46677051845,627408.5775135602,56814.955715921344,109009.10172481745,518399.47578874265
Saskatchewan,2021,1167711.0,149227.0,1018484.0,688399.7756627634,330084.2243372366,643395.6629882903,45004.1126744731,119754.76907082195,523640.8939174684
Saskatchewan,2022,1178455.0,149159.0,1029296.0,697780.4784774035,331515.5215225965,665279.7040712421,32500.774406161465,119542.81902690885,545736.8850443332
Saskatchewan,2023,1209307.0,150745.0,1058562.0,714413.2796052631,344148.72039473685,683654.625,30758.65460526309,127677.43421052632,555977.1907894737
